{"cameraMode":{"drawMode":0,"name":"Shaded","section":"Shading Mode"},"sceneLighting":false,"audioPlay":false,"sceneViewState":{"showFog":true,"showMaterialUpdate":true,"showSkybox":false,"showFlares":true,"showImageEffects":true,"showParticleSystems":true},"in2DMode":false,"pivot":{"x":-5.380000114440918,"y":1.2899999618530274,"z":16.809999465942384},"rotation":{"x":0.13060469925403596,"y":-0.7596940398216248,"z":0.160978302359581,"w":0.616357147693634},"size":3.866024971008301,"orthographic":false}