{"cameraMode":{"drawMode":0,"name":"Shaded","section":"Shading Mode"},"sceneLighting":false,"audioPlay":false,"sceneViewState":{"showFog":true,"showMaterialUpdate":true,"showSkybox":false,"showFlares":true,"showImageEffects":true,"showParticleSystems":true},"in2DMode":false,"pivot":{"x":-5.380000114440918,"y":1.2899999618530274,"z":16.809999465942384},"rotation":{"x":0.14184914529323579,"y":-0.8382585048675537,"z":0.2595885992050171,"w":0.45805931091308596},"size":2.598076105117798,"orthographic":false}