{"cameraMode":{"drawMode":0,"name":"Shaded","section":"Shading Mode"},"sceneLighting":false,"audioPlay":false,"sceneViewState":{"showFog":true,"showMaterialUpdate":true,"showSkybox":false,"showFlares":true,"showImageEffects":true,"showParticleSystems":true},"in2DMode":false,"pivot":{"x":-5.380000114440918,"y":1.2899999618530274,"z":16.809999465942384},"rotation":{"x":0.13042640686035157,"y":-0.8573848009109497,"z":0.26551151275634768,"w":0.4211732745170593},"size":4.330127239227295,"orthographic":false}