{"cameraMode":{"drawMode":0,"name":"Shaded","section":"Shading Mode"},"sceneLighting":false,"audioPlay":false,"sceneViewState":{"showFog":true,"showMaterialUpdate":true,"showSkybox":false,"showFlares":true,"showImageEffects":true,"showParticleSystems":true},"in2DMode":false,"pivot":{"x":-5.380000114440918,"y":1.2899999618530274,"z":16.809999465942384},"rotation":{"x":0.06422342360019684,"y":-0.9328297972679138,"z":0.20939229428768159,"w":0.286113977432251},"size":3.5660250186920168,"orthographic":false}