{"cameraMode":{"drawMode":0,"name":"Shaded","section":"Shading Mode"},"sceneLighting":true,"audioPlay":false,"sceneViewState":{"showFog":true,"showMaterialUpdate":true,"showSkybox":true,"showFlares":true,"showImageEffects":true,"showParticleSystems":true},"in2DMode":false,"pivot":{"x":74.0621337890625,"y":0.0,"z":25.35504150390625},"rotation":{"x":0.07410113513469696,"y":-0.8807051181793213,"z":0.14693012833595277,"w":0.44416776299476626},"size":2.598076105117798,"orthographic":false}