{"cameraMode":{"drawMode":0,"name":"Shaded","section":"Shading Mode"},"sceneLighting":false,"audioPlay":false,"sceneViewState":{"showFog":true,"showMaterialUpdate":true,"showSkybox":false,"showFlares":true,"showImageEffects":true,"showParticleSystems":true},"in2DMode":false,"pivot":{"x":-5.480006694793701,"y":1.9550501108169556,"z":16.809999465942384},"rotation":{"x":0.12159713357686997,"y":-0.7413137555122376,"z":0.1397346556186676,"w":0.6450937986373901},"size":0.7394402623176575,"orthographic":false}